Platform,Date,Text,CleanText,Score,Emotion,EmotionScore,Sentiment,SentimentScore,WeightedSentimentValue,WeightedSentimentScore,Link
Twitter,2025-05-13 23:44:00,Its happened,its happened,38,anger,0.5386,negative,0.5386,-1,-38,https://x.com/GoldbergPixie/status/1922437742517956908
Google News,2025-05-13 23:28:00,"5 p.m. - May 12, 2025 - The media could not be loaded, either because the server or network failed or because the format is not supported.",5 pm may 12 2025 the media could not be loaded either because the server or network failed or because the format is not supported,100,sadness,0.9777,negative,0.9777,-1,-100,https://www.applevalleynewsnow.com/video/apple-valley-news-now-5-p-m---may-12-2025/video_e9e839f4-885c-5da2-8822-04a23fc20ede.html
Google News,2025-05-13 23:28:00,Apple TV’s wireless audio sync now works with Dolby Atmos - The Apple TV 4K's tvOS 18.5 update adds support for calibrating the synchronization of your speakers while using Dolby Atmos.,apple tvs wireless audio sync now works with dolby atmos the apple tv 4ks tvos 185 updpride adds support for calibrating the synchronization of your speakers while using dolby atmos,320,joy,0.8464,positive,0.8464,1,320,https://www.theverge.com/news/666418/apple-tv-4k-dolby-atmos-wireless-audio-sync-tvos-update
Reddit,2025-05-13 23:27:00,More Than 1 Billion RCS Messages Are Sent Daily on Android and iOS,more than 1 billion rcs messages are sent daily on android and ios,78,joy,0.902,positive,0.902,1,78,https://www.reddit.com/r/apple/comments/1klzdz0/more_than_1_billion_rcs_messages_are_sent_daily/
Google News,2025-05-13 22:28:00,Apple Valley’s Measure P Oversight Committee meets for first time - Apple Valley's Measure P Oversight Committee held its first meeting to discuss the allocation of the new 1% sales tax revenue.,apple valleys measure p oversight committee meets for first time apple valleys measure p oversight committee held its first meeting to discuss the allocation of the new 1 sales tax revenue,100,anger,0.7806,negative,0.7806,-1,-100,https://www.vvdailypress.com/story/news/2025/05/12/apple-valleys-measure-p-oversight-committee-meets-for-first-time/83528642007/
Reddit,2025-05-13 22:22:00,New Apple AI model generates 3D scenes from just three images,new apple ai model generprides 3d scenes from just three images,108,joy,0.7049,positive,0.7049,1,108,https://www.reddit.com/r/apple/comments/1klxuud/new_apple_ai_model_generates_3d_scenes_from_just/
Reddit,2025-05-13 21:17:00,PayPal Brings Contactless Payments to German iPhones Under New EU Rules,paypal brings contactless payments to german iphones under new eu rules,153,joy,0.5596,positive,0.5596,1,153,https://www.reddit.com/r/apple/comments/1klw75k/paypal_brings_contactless_payments_to_german/
Twitter,2025-05-13 20:46:00,Apple out here creating whole new races for their ads like Yakub,apple out here creating whole new races for their ads like yakub,8245,joy,0.7807,positive,0.7807,1,8245,https://x.com/nullpointered/status/1922392954733264969
Google News,2025-05-13 20:28:00,iPhone Users’ Wait for Better Battery Life May Be Over With iOS 19 - Apple is reportedly adding AI-powered battery management in iOS 19 to help iPhones save power by learning user habits and adjusting app...,iphone users wait for better battery life may be over with ios 19 apple is reportedly adding aipowered battery management in ios 19 to help iphones save power by learning user habits and adjusting app,100,fear,0.9316,negative,0.9316,-1,-100,https://www.techrepublic.com/article/news-iphone-battery-life-ios-19/
Twitter,2025-05-13 19:41:00,"If this made you feel something, you’re old. https://t.co/BhviAnYluJ",if this made you feel something youre old,888,sadness,0.9972,negative,0.9972,-1,-888,https://x.com/BasicAppleGuy/status/1922376552433492060
Google News,2025-05-13 19:28:00,Apple agrees to $95 million settlement: Here's how to file a claim - You may be eligible to receive a payment through a recent $95 million class action lawsuit if you've owned at least one Apple device since...,apple agrees to 95 million settlement heres how to file a claim you may be eligible to receive a payment through a recent 95 million class action lawsuit if youve owned at least one apple device since,100,joy,0.9732,positive,0.9732,1,100,https://www.democratandchronicle.com/story/news/2025/05/13/apple-agrees-to-95-million-settlement-heres-how-to-file-a-claim/83596667007/
Twitter,2025-05-13 19:13:00,louie zong apple guitar https://t.co/dAkzdNOCZ2,louie zong apple guitar,13596,joy,0.4996,positive,0.4996,1,13596,https://x.com/faewings/status/1922369702501732437
Google News,2025-05-13 18:28:00,"tvOS 18.5 just gave your Apple TV 4K a new feature for Dolby Atmos - Apple TV 4K's newest software update, tvOS 18.5, introduces a feature that should fix any existing issues with Dolby Atmos surround sound.",tvos 185 just gave your apple tv 4k a new feature for dolby atmos apple tv 4ks newest software updpride tvos 185 introduces a feature that should fix any existing issues with dolby atmos surround sound,100,joy,0.8751,positive,0.8751,1,100,https://9to5mac.com/2025/05/13/tvos-18-5-just-gave-your-apple-tv-4k-a-new-feature-for-dolby-atmos/
Google News,2025-05-13 18:28:00,"META_TITLE_QUOTE - We have three strategic asset-allocation models, based on risk-tolerance levels: Conservative, Growth, and Aggressive. On a regular basis,...",meta_title_quote we have three strpridegic assetallocation models based on risktolerance levels conservative growth and aggressive on a regular basis,100,anger,0.9101,negative,0.9101,-1,-100,https://finance.yahoo.com/quote/AAPL/
Reddit,2025-05-13 18:26:00,tvOS 18.5 Adds Synchronized Dolby Atmos Playback for AirPlay and Bluetooth Speakers,tvos 185 adds synchronized dolby atmos playback for airplay and bluetooth speakers,151,joy,0.9171,positive,0.9171,1,151,https://www.reddit.com/r/apple/comments/1klrul6/tvos_185_adds_synchronized_dolby_atmos_playback/
Reddit,2025-05-13 17:45:00,Apple Should Align Its Corporate Behavior with Its Stated Values,apple should align its corporpride behavior with its stprided values,54,joy,0.7017,positive,0.7017,1,54,https://www.reddit.com/r/apple/comments/1klqt8n/apple_should_align_its_corporate_behavior_with/
Google News,2025-05-13 17:28:00,Apple iOS 18.5 New iPhone Software: Should You Upgrade?,apple ios 185 new iphone software should you upgrade,350,joy,0.8961,positive,0.8961,1,350,https://www.forbes.com/sites/davidphelan/2025/05/13/apple-ios-185-new-iphone-software-should-you-upgrade/
Google News,2025-05-13 17:28:00,Apple is making its platforms even more accessible this year - The company is taking big steps toward ambient computing for all of us.,apple is making its platforms even more accessible this year the company is taking big steps toward ambient computing for all of us,100,joy,0.9964,positive,0.9964,1,100,https://www.computerworld.com/article/3984230/apple-is-making-its-platforms-even-more-accessible-this-year.html
Twitter,2025-05-13 16:44:00,"JUST IN: Nvidia is now the second-largest company in the world.

Apple slips to third place. https://t.co/9CMFu1vW2J",just in nvidia is now the secondlargest company in the world apple slips to third place,1012,anger,0.5808,negative,0.5808,-1,-1012,https://x.com/brewmarkets/status/1922332094128177163
Reddit,2025-05-13 16:39:00,"Synchron To Achieve First Native Brain-Computer Interface Integration with iPhone, iPad and Apple Vision Pro",synchron to achieve first native braincomputer interface integration with iphone ipad and apple vision pro,15,joy,0.9824,positive,0.9824,1,15,https://www.reddit.com/r/apple/comments/1klp4i5/synchron_to_achieve_first_native_braincomputer/
Google News,2025-05-13 16:28:00,"Universal Music Group and Apple Music announce Sound Therapy - Apple Music is joining forces with Universal Music Group (UMG) to introduce Sound Therapy, an innovative audio wellness collection designed...",universal music group and apple music announce sound therapy apple music is joining forces with universal music group umg to introduce sound therapy an innovative audio wellness collection designed,100,joy,0.9966,positive,0.9966,1,100,https://www.apple.com/newsroom/2025/05/universal-music-group-and-apple-music-announce-sound-therapy/
Twitter,2025-05-13 16:23:00,"Samsung One UI 7 vs Apple iOS 18.
iOS looks so clunky and out of date. 🤮🤮 https://t.co/r5zBMfyG01",samsung one ui 7 vs apple ios 18 ios looks so clunky and out of dpride,236,anger,0.9105,negative,0.9105,-1,-236,https://x.com/iHateApplee/status/1922326909758652621
Reddit,2025-05-13 16:19:00,Apple announces science-led Sound Therapy,apple announces scienceled sound therapy,442,joy,0.9182,positive,0.9182,1,442,https://www.reddit.com/r/apple/comments/1klong0/apple_announces_scienceled_sound_therapy/
Google News,2025-05-13 15:28:00,"Top Three Tuesday: National Apple Pie Day - In this week's Top Three Tuesday, Noël visits Francesco's Bakery while Laynie and Braden share their favorite pies.",top three tuesday national apple pie day in this weeks top three tuesday noël visits francescos bakery while laynie and braden share their favorite pies,100,love,0.705,positive,0.705,1,100,https://www.nbcrightnow.com/news/top-three-tuesday-national-apple-pie-day/video_c7a89cfc-d87a-40c1-8362-17d93b5fbb30.html
Google News,2025-05-13 15:28:00,"Apple paying $95 million in a Siri eavesdropping settlement. Here's how to file a claim. - Look for an email with the subject, ""Lopez Voice Assistant Class Action Settlement,"" which will allow you to make a claim.",apple paying 95 million in a siri eavesdropping settlement heres how to file a claim look for an email with the subject lopez voice assistant class action settlement which will allow you to make a claim,100,anger,0.8497,negative,0.8497,-1,-100,https://www.cbsnews.com/news/apple-siri-settlement-95-million-lopez-how-to-file-claim/
Twitter,2025-05-13 15:01:00,"Introducing, Sound Therapy. Our latest offering is designed to help you focus, relax, and sleep. Swipe for more and try it today on Apple Music: https://t.co/iCZktPwKfi https://t.co/UqqbolYoGX",introducing sound therapy our lpridest offering is designed to help you focus relax and sleep swipe for more and try it today on apple music,1918,joy,0.9956,positive,0.9956,1,1918,https://x.com/AppleMusic/status/1922306182242566657
Twitter,2025-05-13 13:54:00,"Apple plans to let users control iPhones and other devices with brain signals this year

via WSJ https://t.co/CH19I6haCs",apple plans to let users control iphones and other devices with brain signals this year via wsj,10264,joy,0.7601,positive,0.7601,1,10264,https://x.com/Dexerto/status/1922289318095159789
Google News,2025-05-13 13:28:00,"Apple iPhone decision will upset customers, appease White House - Apple is shifting its iPhone release strategy, with a major change ahead that could anger loyal customers. This move is part of Apple's...",apple iphone decision will upset customers appease white house apple is shifting its iphone release strpridegy with a major change ahead that could anger loyal customers this move is part of apples,100,anger,0.9243,negative,0.9243,-1,-100,https://www.thestreet.com/technology-1/apple-iphone-decision-will-upset-customers-appease-white-house
Google News,2025-05-13 13:28:00,"Apple unveils powerful accessibility features coming later this year - CUPERTINO, CALIFORNIA Apple today announced new accessibility features coming later this year, including Accessibility Nutrition Labels,...",apple unveils powerful accessibility features coming lprider this year cupertino california apple today announced new accessibility features coming lprider this year including accessibility nutrition labels,100,joy,0.9922,positive,0.9922,1,100,https://www.apple.com/newsroom/2025/05/apple-unveils-powerful-accessibility-features-coming-later-this-year/
Google News,2025-05-13 13:28:00,Exclusive | Apple to Support Brain-Implant Control of Its Devices - iPhone maker works with startup Synchron on new brain-computer interfaces to assist people with disabilities.,exclusive apple to support brainimplant control of its devices iphone maker works with startup synchron on new braincomputer interfaces to assist people with disabilities,400,joy,0.9664,positive,0.9664,1,400,https://www.wsj.com/tech/apple-brain-computer-interface-9ec69919
Reddit,2025-05-13 13:07:00,Apple unveils powerful accessibility features coming later this year ♿️🦼🦽🦻🩼,apple unveils powerful accessibility features coming lprider this year ♿️,165,joy,0.9958,positive,0.9958,1,165,https://www.reddit.com/r/apple/comments/1klk8k7/apple_unveils_powerful_accessibility_features/
Reddit,2025-05-13 13:01:00,Apple considers raising iPhone prices,apple considers raising iphone prices,0,joy,0.4992,positive,0.4992,1,0,https://www.reddit.com/r/apple/comments/1klk46e/apple_considers_raising_iphone_prices/
Reddit,2025-05-13 12:59:00,iPhone Shipments Crash 50% in China as Local Brands Dominate,iphone shipments crash 50 in china as local brands dominpride,506,fear,0.9293,negative,0.9293,-1,-506,https://www.reddit.com/r/apple/comments/1klk2bw/iphone_shipments_crash_50_in_china_as_local/
Twitter,2025-05-13 12:25:00,"Apple has released a new ad highlighting Magnifier, coming to Mac with macOS 16 later this year https://t.co/bM4h9NxJle",apple has released a new ad highlighting magnifier coming to mac with macos 16 lprider this year,5381,joy,0.9585,positive,0.9585,1,5381,https://x.com/aaronp613/status/1922267021976170725
Twitter,2025-05-13 11:33:00,"iPhone 17 Air

Would you upgrade? https://t.co/k6totcBG7V",iphone 17 air would you upgrade,1098,joy,0.7787,positive,0.7787,1,1098,https://x.com/applesclubs/status/1922253844605440006
Google News,2025-05-13 11:28:00,How China Captured Apple - Author Patrick McGee explores the complex relationship between the world's most valuable company and the Chinese government.,how china captured apple author patrick mcgee explores the complex relationship between the worlds most valuable company and the chinese government,100,joy,0.9919,positive,0.9919,1,100,https://www.thefp.com/p/how-china-captured-apple
Reddit,2025-05-13 11:00:00,"Daily Advice Thread - May 13, 2025 Welcome to the Daily Advice Thread for /r/Apple. This thread can be used to ask for technical advice regarding Apple software and hardware, to ask questions regarding the buying or selling of Apple products or to post other short questions.

Have a question you need answered? Ask away! Please remember to adhere to our rules, which can be found in the sidebar.

Join our Discord and IRC chat rooms for support:

* [Discord](https://discord.gg/apple)
* [IRC](https://kiwiirc.com/client/irc.snoonet.org/apple?nick=CHANGE_ME)

Note: Comments are sorted by /new for your convenience.

[Here is an archive](https://www.reddit.com/r/apple/search?q=author%3A%22AutoModerator%22+title%3A%22Daily+Advice+Thread%22+or+title%3A%22Daily+Tech+Support+Thread%22&sort=new&t=all) of all previous Daily Advice Threads. This is best viewed on a browser. If on mobile, type in the search bar \[author:""AutoModerator"" title:""Daily Advice Thread"" or title:""Daily Tech Support Thread""\] (without the brackets, and including the quotation marks around the titles and author.)

**The Daily Advice Thread is posted each day at 06:00 AM EST (**[Click HERE for other timezones](https://www.wolframalpha.com/input/?i=6+AM+USA+EST)**) and then the old one is archived.** It is advised to wait for the new thread to post your question if this time is nearing for quickest answer time.",daily advice thread may 13 2025 welcome to the daily advice thread for rapple this thread can be used to ask for technical advice regarding apple software and hardware to ask questions regarding the buying or selling of apple products or to post other short questions have a question you need answered ask away please remember to adhere to our rules which can be found in the sidebar join our discord and irc chat rooms for support discord irc note comments are sorted by new for your convenience here is an archive of all previous daily advice threads this is best viewed on a browser if on mobile type in the search bar authorautomoderator titledaily advice thread or titledaily tech support thread without the brackets and including the quotation marks around the titles and author the daily advice thread is posted each day at 0600 am est click here for other timezones and then the old one is archived it is advised to wait for the new thread to post your question if this time is nearing for quickest answer time,1,joy,0.5876,positive,0.5876,1,1,https://www.reddit.com/r/apple/comments/1kli2sl/daily_advice_thread_may_13_2025/
Twitter,2025-05-13 09:29:00,This is quite literally the stupidest thing I’ve ever seen. Apple is cooked. https://t.co/thH3uKqb8k,this is quite literally the stupidest thing ive ever seen apple is cooked,6531,anger,0.674,negative,0.674,-1,-6531,https://x.com/randomrecruiter/status/1922222701923410030
Twitter,2025-05-13 09:00:00,"🍎 Simula at Wakas at Times Square NYC Billboard

We made it to the heart of the Big Apple! ✨ 
We’re grateful for this amazing opportunity to share our music to a wider audience! 

Thank you so much @Spotify & @SpotifyPH!

Check Simula at Wakas EP and stream it here:
🔗 https://t.co/VCfXpiDTS0

#SimulaAtWakas #SB19
#SB19SimulaAtWakas #SB19SaW",🍎 simula at wakas at times square nyc billboard we made it to the heart of the big apple ✨ were grprideful for this amazing opportunity to share our music to a wider audience thank you so much check simula at wakas ep and stream it here 🔗 simulaatwakas sb19 sb19simulaatwakas sb19saw,12875,joy,0.902,positive,0.902,1,12875,https://x.com/SB19Official/status/1922215243721142378
Twitter,2025-05-13 07:30:00,This is basically iOS 18.5 🤣🤣🤣 https://t.co/VbFXeOPvV2,this is basically ios 185,173,joy,0.7329,positive,0.7329,1,173,https://x.com/iHateApplee/status/1922192588968493426
Google News,2025-05-13 03:28:00,Apple could use AI to help your iPhone save battery,apple could use ai to help your iphone save battery,320,joy,0.8586,positive,0.8586,1,320,https://www.theverge.com/news/665249/apple-ios-19-update-conserve-iphone-battery-ai
Google News,2025-05-13 03:28:00,Don’t delete that ‘Lopez Voice Assistant’ email — it’s about Apple’s Siri settlement - An email with “Lopez Voice Assistant” in the subject is notifying Apple users they can claim part of a Siri-related class action settlement.,dont delete that lopez voice assistant email its about apples siri settlement an email with lopez voice assistant in the subject is notifying apple users they can claim part of a sirirelprided class action settlement,320,anger,0.8001,negative,0.8001,-1,-320,https://www.theverge.com/news/664927/lopez-voice-assistant-emails-apple-siri-spying-settlement
Google News,2025-05-13 03:28:00,"Trump says he talked to Apple CEO Tim Cook after China tariff rollback - Apple previously said in February it would spend $500 billion to expand many of its operations in the U.S., including assembling AI servers...",trump says he talked to apple ceo tim cook after china tariff rollback apple previously said in february it would spend 500 billion to expand many of its operations in the us including assembling ai servers,100,anger,0.8082,negative,0.8082,-1,-100,https://www.cnbc.com/2025/05/12/trump-apple-china-tariff-rollback.html
Google News,2025-05-13 03:28:00,Apple to Unveil New AI Tool to Increase iPhone Battery Life,apple to unveil new ai tool to increase iphone battery life,350,joy,0.9399,positive,0.9399,1,350,https://www.bloomberg.com/news/articles/2025-05-12/apple-plans-ai-powered-battery-management-mode-for-devices-in-ios-19
Google News,2025-05-13 03:28:00,"Apple's monster chip plans just leaked — and M6 is only the beginning - Massive Apple chip leak teases M6, M7, and a secret AI beast called Sotra.",apples monster chip plans just leaked and m6 is only the beginning massive apple chip leak teases m6 m7 and a secret ai beast called sotra,100,anger,0.8689,negative,0.8689,-1,-100,https://www.phonearena.com/news/apple-chip-plans-just-leaked-and-m6-is-only-the-beginning_id170280
Google News,2025-05-13 03:28:00,"Shocking China news sends Apple stock surging today - After a week of only minimal price action, Apple (AAPL) stock is rising steadily today on a surprising news update regarding China.",shocking china news sends apple stock surging today after a week of only minimal price action apple aapl stock is rising steadily today on a surprising news updpride regarding china,100,surprise,0.8895,neutral,0.8895,0,0,https://www.thestreet.com/technology/shocking-china-news-sends-apple-stock-surging-today-
Reddit,2025-05-13 00:39:00,Apple to Block Mac Apps From Secretly Accessing Your Clipboard,apple to block mac apps from secretly accessing your clipboard,399,fear,0.5605,negative,0.5605,-1,-399,https://www.reddit.com/r/apple/comments/1kl7juy/apple_to_block_mac_apps_from_secretly_accessing/
Reddit,2025-05-12 23:35:00,"Apple Bug Prevents You From Telling People About Dave & Buster's Summary Through Apple Intelligence: A bug in Apple’s Messages app prevents audio messages containing ampersands from being sent. The issue arises from a parsing error caused by the ampersand in the transcript of the audio message, triggering Apple’s BlastDoor Messages feature.",apple bug prevents you from telling people about dave busters summary through apple intelligence a bug in apples messages app prevents audio messages containing ampersands from being sent the issue arises from a parsing error caused by the ampersand in the transcript of the audio message triggering apples blastdoor messages feature,98,fear,0.5101,negative,0.5101,-1,-98,https://www.reddit.com/r/apple/comments/1kl65mh/apple_bug_prevents_you_from_telling_people_about/
Reddit,2025-05-12 23:25:00,Apple confirms iOS 19 will end support for legacy Home app system,apple confirms ios 19 will end support for legacy home app system,433,joy,0.9575,positive,0.9575,1,433,https://www.reddit.com/r/apple/comments/1kl5x5z/apple_confirms_ios_19_will_end_support_for_legacy/
Reddit,2025-05-12 23:17:00,Apple Card Promo Offers 6% Daily Cash Back for Nike Purchases,apple card promo offers 6 daily cash back for nike purchases,10,joy,0.9612,positive,0.9612,1,10,https://www.reddit.com/r/apple/comments/1kl5qjz/apple_card_promo_offers_6_daily_cash_back_for/
Reddit,2025-05-12 20:46:00,"iOS 19 should be ‘less glitchy’ than past updates, per report",ios 19 should be less glitchy than past updprides per report,1216,sadness,0.5783,negative,0.5783,-1,-1216,https://www.reddit.com/r/apple/comments/1kl20df/ios_19_should_be_less_glitchy_than_past_updates/
Reddit,2025-05-12 19:40:00,Apple Plans AI-Powered Battery Management Mode for Devices in iOS 19,apple plans aipowered battery management mode for devices in ios 19,157,joy,0.5826,positive,0.5826,1,157,https://www.reddit.com/r/apple/comments/1kl0bc8/apple_plans_aipowered_battery_management_mode_for/
Reddit,2025-05-12 19:08:00,Apple's C1 Modem Gets First Security Update in iOS 18.5,apples c1 modem gets first security updpride in ios 185,123,joy,0.7095,positive,0.7095,1,123,https://www.reddit.com/r/apple/comments/1kkzici/apples_c1_modem_gets_first_security_update_in_ios/
Reddit,2025-05-12 19:01:00,PSA: iOS 18.5 patches over 30 iPhone security vulnerabilties,psa ios 185 patches over 30 iphone security vulnerabilties,190,fear,0.6929,negative,0.6929,-1,-190,https://www.reddit.com/r/apple/comments/1kkzc2x/psa_ios_185_patches_over_30_iphone_security/
Reddit,2025-05-12 18:13:00,"macOS Sequoia 15.5 available now, here’s what’s new",macos sequoia 155 available now heres whats new,283,joy,0.9707,positive,0.9707,1,283,https://www.reddit.com/r/apple/comments/1kky281/macos_sequoia_155_available_now_heres_whats_new/
Reddit,2025-05-12 18:10:00,"Apple Releases iOS 18.5 With New Wallpaper, Screen Time Changes, Carrier Satellite Support for iPhone 13 and More",apple releases ios 185 with new wallpaper screen time changes carrier spridellite support for iphone 13 and more,386,joy,0.7403,positive,0.7403,1,386,https://www.reddit.com/r/apple/comments/1kky06j/apple_releases_ios_185_with_new_wallpaper_screen/
Reddit,2025-05-12 17:12:00,My favorite M4 iPad Pro feature [2024 Magic Keyboard] after one year as full-time computer,my favorite m4 ipad pro feature 2024 magic keyboard after one year as fulltime computer,0,joy,0.9963,positive,0.9963,1,0,https://www.reddit.com/r/apple/comments/1kkwhxl/my_favorite_m4_ipad_pro_feature_2024_magic/
Twitter,2025-05-12 16:56:00,Apple juice is better than orange juice https://t.co/MEIIHjcomq,apple juice is better than orange juice,9040,joy,0.9342,positive,0.9342,1,9040,https://x.com/Rebel_Luke_/status/1921972673204117570
Twitter,2025-05-12 15:41:00,"Google app rebrand - Whatever you paid those designers, I would’ve done it for way less. https://t.co/L91niwyIk8",google app rebrand whpridever you paid those designers i wouldve done it for way less,842,anger,0.8248,negative,0.8248,-1,-842,https://x.com/BasicAppleGuy/status/1921953902523478078
Reddit,2025-05-12 15:35:00,"Bluetooth 6.1 will help deter tracking, reduce iPhone battery usage",bluetooth 61 will help deter tracking reduce iphone battery usage,456,joy,0.7055,positive,0.7055,1,456,https://www.reddit.com/r/apple/comments/1kku32u/bluetooth_61_will_help_deter_tracking_reduce/
Reddit,2025-05-12 15:29:00,iOS 18.5 Expected This Week With These New Features,ios 185 expected this week with these new features,61,joy,0.9556,positive,0.9556,1,61,https://www.reddit.com/r/apple/comments/1kktxjz/ios_185_expected_this_week_with_these_new_features/
Reddit,2025-05-12 15:21:00,Apple stock soars on news of US-China tariff deal,apple stock soars on news of uschina tariff deal,169,anger,0.595,negative,0.595,-1,-169,https://www.reddit.com/r/apple/comments/1kktqp7/apple_stock_soars_on_news_of_uschina_tariff_deal/
Reddit,2025-05-12 15:05:00,Apple Shares Spooky 'Mac to School' Ads Highlighting AirDrop and More (UK),apple shares spooky mac to school ads highlighting airdrop and more uk,21,joy,0.7445,positive,0.7445,1,21,https://www.reddit.com/r/apple/comments/1kktd8g/apple_shares_spooky_mac_to_school_ads/
Reddit,2025-05-12 13:37:00,Apple's India imports to the U.S. doubled during April tariff trouble,apples india imports to the us doubled during april tariff trouble,69,sadness,0.3825,negative,0.3825,-1,-69,https://www.reddit.com/r/apple/comments/1kkrfxv/apples_india_imports_to_the_us_doubled_during/
Reddit,2025-05-12 12:01:00,Apple Considering Price Increases for iPhone 17 Lineup,apple considering price increases for iphone 17 lineup,800,joy,0.6702,positive,0.6702,1,800,https://www.reddit.com/r/apple/comments/1kkpnpl/apple_considering_price_increases_for_iphone_17/
Reddit,2025-05-12 11:01:00,"Daily Advice Thread - May 12, 2025 Welcome to the Daily Advice Thread for /r/Apple. This thread can be used to ask for technical advice regarding Apple software and hardware, to ask questions regarding the buying or selling of Apple products or to post other short questions.

Have a question you need answered? Ask away! Please remember to adhere to our rules, which can be found in the sidebar.

Join our Discord and IRC chat rooms for support:

* [Discord](https://discord.gg/apple)
* [IRC](https://kiwiirc.com/client/irc.snoonet.org/apple?nick=CHANGE_ME)

Note: Comments are sorted by /new for your convenience.

[Here is an archive](https://www.reddit.com/r/apple/search?q=author%3A%22AutoModerator%22+title%3A%22Daily+Advice+Thread%22+or+title%3A%22Daily+Tech+Support+Thread%22&sort=new&t=all) of all previous Daily Advice Threads. This is best viewed on a browser. If on mobile, type in the search bar \[author:""AutoModerator"" title:""Daily Advice Thread"" or title:""Daily Tech Support Thread""\] (without the brackets, and including the quotation marks around the titles and author.)

**The Daily Advice Thread is posted each day at 06:00 AM EST (**[Click HERE for other timezones](https://www.wolframalpha.com/input/?i=6+AM+USA+EST)**) and then the old one is archived.** It is advised to wait for the new thread to post your question if this time is nearing for quickest answer time.",daily advice thread may 12 2025 welcome to the daily advice thread for rapple this thread can be used to ask for technical advice regarding apple software and hardware to ask questions regarding the buying or selling of apple products or to post other short questions have a question you need answered ask away please remember to adhere to our rules which can be found in the sidebar join our discord and irc chat rooms for support discord irc note comments are sorted by new for your convenience here is an archive of all previous daily advice threads this is best viewed on a browser if on mobile type in the search bar authorautomoderator titledaily advice thread or titledaily tech support thread without the brackets and including the quotation marks around the titles and author the daily advice thread is posted each day at 0600 am est click here for other timezones and then the old one is archived it is advised to wait for the new thread to post your question if this time is nearing for quickest answer time,1,joy,0.5854,positive,0.5854,1,1,https://www.reddit.com/r/apple/comments/1kkopa7/daily_advice_thread_may_12_2025/
Reddit,2025-05-12 06:58:00,iOS 19 Will Sync Public Wi-Fi Networks Across All Your Apple Devices,ios 19 will sync public wifi networks across all your apple devices,623,joy,0.7218,positive,0.7218,1,623,https://www.reddit.com/r/apple/comments/1kkl9lj/ios_19_will_sync_public_wifi_networks_across_all/
Twitter,2025-05-11 23:10:00,"Test your trading skills with FTMO Challenge. 

Rewards await, start now!",test your trading skills with ftmo challenge rewards await start now,48,joy,0.972,positive,0.972,1,48,https://x.com/FTMO_com/status/1921704607673126970
Twitter,2025-05-09 18:17:00,Steve Wozniak's Apple I (1976) https://t.co/wAMvAoLSy2,steve wozniaks apple i 1976,2255,joy,0.4271,positive,0.4271,1,2255,https://x.com/ComputerLove_/status/1920906049906741341
Twitter,2025-05-09 12:35:00,"China opened its market to Apple, Tesla…
USA closed its market to Huawei, BYD…
🤷‍♂️🤷‍♂️🤷‍♂️🤷‍♂️🤷‍♂️🤷‍♂️🤷‍♂️🤷‍♂️🤷‍♂️🤷‍♂️🤷‍♂️ https://t.co/9wbA0lnvuA",china opened its market to apple tesla usa closed its market to huawei byd ♂️♂️♂️♂️♂️♂️♂️♂️♂️♂️♂️,6088,sadness,0.9631,negative,0.9631,-1,-6088,https://x.com/XH_Lee23/status/1920819814961938857
Twitter,2025-05-08 23:09:00,iPhone 16 Pro vs iPhone 17 Pro https://t.co/UOL4t0TxpI,iphone 16 pro vs iphone 17 pro,9064,anger,0.4083,negative,0.4083,-1,-9064,https://x.com/theapplehub/status/1920617005196980666
Twitter,2025-05-08 18:59:00,MacBooks can charge themselves? https://t.co/VAyBWaFWbo,macbooks can charge themselves,435,joy,0.8766,positive,0.8766,1,435,https://x.com/iHateApplee/status/1920554082848121152
