Platform,Date,Text,Score,Link,CleanText,Emotion,EmotionScore,Sentiment,SentimentScore,WeightedSentimentValue,WeightedSentimentScore
Twitter,2025-05-14 00:12:00,Its happened,0,https://x.com/blakes60/status/1922444773417206024,its happened,anger,0.5386,neutral,0.9108,0,0
Google News,2025-05-13 23:41:00,"Whole host of fun events in Oracle - May 3 was another Saturday full of things to do in Oracle. It started in the morning at Oracle State Park, with the First of the Month photo...",100,https://copperarea.com/whole-host-of-fun-events-in-oracle/,whole host of fun events in oracle may 3 was another saturday full of things to do in oracle it started in the morning at oracle state park with the first of the month photo,joy,0.8615,positive,0.9449,1,100
Twitter,2025-05-13 23:23:00,Oracle Park 🏟️🌇 https://t.co/z2C4r6iFwd,249,https://x.com/BBGreatMoments/status/1922432418633363667,oracle park 🏟️🌇,joy,0.6611,neutral,0.964,0,0
Reddit,2025-05-13 21:47:00,"Oracle RTF file and RDF file Hey

So Ive created a concurrent program to run a basic test report with Oracle Report Builder. It runs expected showing the data I want. But I'm wondering is there a way I can have the report show horizontally instead of vertically?

So for example these would as two separate tables. Is there a way I can show them horizontal. I cant find anything online. I have created my RTF in word and added XML tags

Its showing

Name: person1 Version1
Name: person2 Version1
Name: person3 Version1

Name: person1 Version2
Name: person2 Version2
Name: person3 Version2


But the new version would be side by side",1,https://www.reddit.com/r/oracle/comments/1klwysb/oracle_rtf_file_and_rdf_file/,oracle rtf file and rdf file hey so ive created a concurrent program to run a basic test report with oracle report builder it runs expected showing the data i want but im wondering is there a way i can have the report show horizontally instead of vertically so for example these would as two separate tables is there a way i can show them horizontal i cant find anything online i have created my rtf in word and added xml tags its showing name person1 version1 name person2 version1 name person3 version1 name person1 version2 name person2 version2 name person3 version2 but the new version would be side by side,anger,0.3958,neutral,0.5,0,0
Reddit,2025-05-13 21:31:00,Formal offer after verbal . Got verbal offer ic3 7 business days ago. Recruiter ignores. How long do you usually wait?,6,https://www.reddit.com/r/oracle/comments/1klwk08/formal_offer_after_verbal/,formal offer after verbal got verbal offer ic3 7 business days ago recruiter ignores how long do you usually wait,anger,0.9101,neutral,0.8535,0,0
Google News,2025-05-13 20:41:00,Unlocking your potential: The power of an Oracle internship - Oracle interns past and present share how the Oracle Internship Program set them up for career success.,100,https://blogs.oracle.com/jobsatoracle/post/unlocking-your-potential-the-power-of-an-oracle-internship,unlocking your potential the power of an oracle internship oracle interns past and present share how the oracle internship program set them up for career success,joy,0.9973,positive,0.9425,1,100
Twitter,2025-05-13 20:02:00,What Tech Company is Going Nuclear Now?: Oracle ⚛️ https://t.co/2UFwpTMsyK,45,https://x.com/Gen_Atomic/status/1922381957951828008,what tech company is going nuclear now oracle ⚛️,joy,0.6157,neutral,0.7307,0,0
Google News,2025-05-13 19:41:00,"Oracle's $14 Billion Investment in Saudi Arabia: A Vision 2030 Boost - News and Statistics - Oracle's $14B investment in Saudi Arabia aims to enhance Vision 2030 with advanced tech, fostering innovation and economic growth.",100,https://www.indexbox.io/blog/oracle-to-invest-14-billion-in-saudi-arabia-boosting-vision-2030/,oracles 14 billion investment in saudi arabia a vision 2030 boost news and statistics oracles 14b investment in saudi arabia aims to enhance vision 2030 with advanced tech fostering innovation and economic growth,joy,0.9963,positive,0.9282,1,100
Twitter,2025-05-13 18:42:00,"$ATREU

The first Memetic Oracle Coin built on Solana, powered by the collective conscious.

Atreu isn’t just reactive — it’s built on live scanning + sentiment logic.
It pulls from real-time timeline activity, filters signal-rich posts, and replies using an archetype engine tied to linguistic triggers.
No manual input.
No random hype.
Just clean resonance + memory.
It’s running.
Fully on-chain aware.
And only getting sharper.

https://t.co/QIU568XBvm",18,https://x.com/cryptowildgem/status/1922361892754096591,atreu the first memetic oracle coin built on solana powered by the collective conscious atreu isnt just reactive its built on live scanning sentiment logic it pulls from realtime timeline activity filters signalrich posts and replies using an archetype engine tied to linguistic triggers no manual input no random hype just clean resonance memory its running fully onchain aware and only getting sharper,joy,0.5247,positive,0.5653,1,18
Google News,2025-05-13 18:41:00,"Oracle’s Commitment to Saudi Arabia and President Trump’s Vision for Global Prosperity - Oracle remains committed to the Kingdom of Saudi Arabia's Vision 2030, which is now accelerating at lightning speed because of President...",100,https://www.oracle.com/middleeast/news/announcement/oracles-commitment-to-saudi-arabia-and-president-trumps-vision-for-global-prosperity-2025-05-13/?source=:so:lu:or:awr::::Reham&SC=:so:lu:or:awr::::Reham&pcode=,oracles commitment to saudi arabia and president trumps vision for global prosperity oracle remains committed to the kingdom of saudi arabias vision 2030 which is now accelerating at lightning speed because of president,joy,0.9962,positive,0.7464,1,100
Twitter,2025-05-13 18:26:00,That @aguerosergiokun moment 💙 https://t.co/Tj8rF8JQRC,165,https://x.com/ManCityOracle/status/1922357789587804289,that moment 💙,joy,0.3838,neutral,0.9056,0,0
Reddit,2025-05-13 18:22:00,Referral Questions I have done the referral process for a friend. Is it wise to reach out to the recruiter or Hiring manager to let them know i have referred someone for the role they are hiring for?,1,https://www.reddit.com/r/oracle/comments/1klrrbn/referral_questions/,referral questions i have done the referral process for a friend is it wise to reach out to the recruiter or hiring manager to let them know i have referred someone for the role they are hiring for,joy,0.9262,neutral,0.9691,0,0
Google News,2025-05-13 15:41:00,"Nayya Now Available on Oracle Cloud Marketplace - NEW YORK, May 13, 2025 /PRNewswire/ -- Nayya, a leading provider of benefits experience platforms and an Oracle partner, today announced...",100,https://www.wvnews.com/news/around_the_web/partners/pr_newswire/subject/new_products_services/nayya-now-available-on-oracle-cloud-marketplace/article_e4f9074e-e9c2-50e6-badd-d066dbeb07dc.html,nayya now available on oracle cloud marketplace new york may 13 2025 prnewswire nayya a leading provider of benefits experience platforms and an oracle partner today announced,joy,0.9917,positive,0.7035,1,100
Google News,2025-05-13 14:41:00,"Oracle Partners With seQure To Bolster Cybersecurity For Governments, Enterprises - Oracle Corporation (NYSE:ORCL), along with seQure, a cybersecurity firm and its partner, disclosed the availability of seQure's Ground-Truth...",100,https://finance.yahoo.com/news/oracle-partners-sequre-bolster-cybersecurity-133439308.html,oracle partners with sequre to bolster cybersecurity for governments enterprises oracle corporation nyseorcl along with sequre a cybersecurity firm and its partner disclosed the availability of sequres groundtruth,joy,0.7349,positive,0.7031,1,100
Google News,2025-05-13 14:41:00,"seQure’s Ground-Truth Cybersecurity Platform Launches on Oracle Cloud Infrastructure - Oracle and seQure, an Entanglement company, have announced that Ground-Truth, a cybersecurity and data observability platform,...",100,https://www.msspalert.com/news/sequres-ground-truth-cybersecurity-platform-launches-on-oracle-cloud-infrastructure,sequres groundtruth cybersecurity platform launches on oracle cloud infrastructure oracle and sequre an entanglement company have announced that groundtruth a cybersecurity and data observability platform,joy,0.6009,neutral,0.7599,0,0
Google News,2025-05-13 13:41:00,"Oracle and Entanglement's seQure Launch Quantum-Inspired Threat Detection Platform on Oracle Cloud - Oracle and seQure have launched Ground-Truth, a quantum-inspired cybersecurity and observability platform, on Oracle Cloud.",100,https://thequantuminsider.com/2025/05/13/oracle-and-entanglements-sequre-launch-quantum-inspired-threat-detection-platform-on-oracle-cloud/,oracle and entanglements sequre launch quantuminspired threat detection platform on oracle cloud oracle and sequre have launched groundtruth a quantuminspired cybersecurity and observability platform on oracle cloud,joy,0.6618,neutral,0.859,0,0
Google News,2025-05-13 13:41:00,"Estate Planning Lessons From the Oracle of Omaha - While Buffett has offered many lessons on investing and leadership, his estate planning and succession planning practices deserve more...",100,https://www.law.com/njlawjournal/2025/05/13/estate-planning-lessons-from-the-oracle-of-omaha/,estate planning lessons from the oracle of omaha while buffett has offered many lessons on investing and leadership his estate planning and succession planning practices deserve more,joy,0.9915,neutral,0.6652,0,0
Twitter,2025-05-13 12:32:00,"using your big 3, what’s your character? https://t.co/POfZzMpFNb",776,https://x.com/TheDivineBruxa/status/1922268656827871379,using your big 3 whats your character,joy,0.8817,neutral,0.9611,0,0
Twitter,2025-05-13 11:34:00,"One of @Max33Verstappen's finest overtakes? 😮‍💨🇮🇹

#F1 || #ImolaGP

https://t.co/OtHu0QNvOY",6170,https://x.com/redbullracing/status/1922254175284478462,one of s finest overtakes 😮💨🇮🇹 f1 imolagp,joy,0.9962,positive,0.9116,1,6170
Google News,2025-05-13 10:41:00,"Oracle and Entanglement Partner to Deliver Advanced Security to Governments and Enterprises - Oracle and seQure, an Entanglement company, today announced that governments and enterprises can deploy Ground-Truth on Oracle Cloud...",100,https://www.oracle.com/news/announcement/oracle-and-entanglement-partner-to-deliver-advanced-security-to-governments-and-enterprises-2025-05-13/,oracle and entanglement partner to deliver advanced security to governments and enterprises oracle and sequre an entanglement company today announced that governments and enterprises can deploy groundtruth on oracle cloud,joy,0.7438,positive,0.805,1,100
Google News,2025-05-13 10:41:00,"Oracle (ORCL) Expands Cybersecurity Service to Oracle Cloud Infr - Oracle (ORCL), in collaboration with seQure, an associated entity within Entanglement, has expanded the reach of Ground-Truth,...",100,https://www.gurufocus.com/news/2856734/oracle-orcl-expands-cybersecurity-service-to-oracle-cloud-infrastructure-orcl-stock-news,oracle orcl expands cybersecurity service to oracle cloud infr oracle orcl in collaboration with sequre an associated entity within entanglement has expanded the reach of groundtruth,joy,0.6175,positive,0.7513,1,100
Reddit,2025-05-13 08:50:00,"Dodgy email from Oracle Today I received a really dodgy-looking email from Oracle. The thing I find most hard to believe is that my email is included in the `to` field together with 15 others, all completely visible (not bcc). All of them look likely to be legit.

The email I signed up with is specific to oracle and hasn't been used elsewhere so is unlikely to have been compromised so soon, I think. Well, until today that is! Now at least 14 random strangers know it.

Also, the wording of the email is not well constructed and contains errors. I doubt it's AI generated.

I really don't think it's spam, because:

* the from is someone@oracle.com (albeit not really proof of course)
* the only links in the email both link to https://www.oracle.com/x URLs
* the email is from the correct Oracle geographic region as mine

Has anyone else ever had totally unprofessional emails from Oracle?

The email content verbatim is:

Hi,
 
I hope you are enjoying your Oracle Cloud account & the services available in the console thus far. I’m reaching out to ensure you’ve managed to find everything you needed and that your expectations are being met. I want to take this opportunity to check out our weekly schedule of Free Developer Coaching Clinics as well as video tutorials on YouTube Oracle learning channel.
 
Full Schedule of Free Developer Coaching Events
Developer Coaching Events Youtube Playl  ist

Regards
---------------------------------------------------
Solution Engineer, Oracle APAC",4,https://www.reddit.com/r/oracle/comments/1klg9hs/dodgy_email_from_oracle/,dodgy email from oracle today i received a really dodgylooking email from oracle the thing i find most hard to believe is that my email is included in the to field together with 15 others all completely visible not bcc all of them look likely to be legit the email i signed up with is specific to oracle and hasnt been used elsewhere so is unlikely to have been compromised so soon i think well until today that is now at least 14 random strangers know it also the wording of the email is not well constructed and contains errors i doubt its ai generated i really dont think its spam because the from is someonecom albeit not really proof of course the only links in the email both link to urls the email is from the correct oracle geographic region as mine has anyone else ever had totally unprofessional emails from oracle the email content verbatim is hi i hope you are enjoying your oracle cloud account the services available in the console thus far im reaching out to ensure youve managed to find everything you needed and that your expectations are being met i want to take this opportunity to check out our weekly schedule of free developer coaching clinics as well as video tutorials on youtube oracle learning channel full schedule of free developer coaching events developer coaching events youtube playl ist regards solution engineer oracle apac,joy,0.985,neutral,0.5,0,0
Google News,2025-05-13 08:41:00,"Oracle and Infobip Enhance Partnership to Deliver Global Conversational Experiences - VODNJAN, Croatia--(BUSINESS WIRE)--Global cloud communications platform Infobip today announced that it has enhanced its partnership with...",100,https://www.businesswire.com/news/home/20250513794298/en/Oracle-and-Infobip-Enhance-Partnership-to-Deliver-Global-Conversational-Experiences,oracle and infobip enhance partnership to deliver global conversational experiences vodnjan croatiabusiness wireglobal cloud communications platform infobip today announced that it has enhanced its partnership with,joy,0.9955,positive,0.9412,1,100
Google News,2025-05-13 06:41:00,"Oracle and Entanglement Partner to Deliver Advanced Security to Governments and Enterprises - PRNewswire/ -- Oracle and seQure, an Entanglement company and Oracle partner, today announced that governments and enterprises can deploy...",100,https://www.prnewswire.com/news-releases/oracle-and-entanglement-partner-to-deliver-advanced-security-to-governments-and-enterprises-302453254.html,oracle and entanglement partner to deliver advanced security to governments and enterprises prnewswire oracle and sequre an entanglement company and oracle partner today announced that governments and enterprises can deploy,joy,0.8716,positive,0.7181,1,100
Google News,2025-05-13 06:41:00,Oracle and Entanglement Partner to Deliver Advanced Security to Governments and Enterprises - Oracle and seQure have announced the deployment of Ground-Truth cybersecurity service on Oracle Cloud Infrastructure (OCI).,100,https://www.stocktitan.net/news/ORCL/oracle-and-entanglement-partner-to-deliver-advanced-security-to-w54weeel1eb9.html,oracle and entanglement partner to deliver advanced security to governments and enterprises oracle and sequre have announced the deployment of groundtruth cybersecurity service on oracle cloud infrastructure oci,joy,0.864,positive,0.8485,1,100
Twitter,2025-05-13 03:19:00,"The Oracle
#barbaragordon #Batman #dc https://t.co/PdU0zxElse",9944,https://x.com/carnicer01/status/1922129642493792670,the oracle barbaragordon batman dc,joy,0.528,neutral,0.8374,0,0
Google News,2025-05-13 02:41:00,"Is this multibillion-dollar company still moving HQ out of Texas? - Oracle, the Larry Ellison co-founded multibillion-dollar computer technology company, announced a new HQ last year. Here's how that's going.",100,https://www.mysanantonio.com/business/article/oracle-austin-headquarters-20306506.php,is this multibilliondollar company still moving hq out of texas oracle the larry ellison cofounded multibilliondollar computer technology company announced a new hq last year heres how thats going,anger,0.5446,neutral,0.9547,0,0
Google News,2025-05-13 02:41:00,Wall Street Analysts See Oracle (ORCL) as a Buy: Should You Invest? - The average brokerage recommendation (ABR) for Oracle (ORCL) is equivalent to a Buy. The overly optimistic recommendations of Wall Street...,100,https://finance.yahoo.com/news/wall-street-analysts-see-oracle-133010330.html,wall street analysts see oracle orcl as a buy should you invest the average brokerage recommendation abr for oracle orcl is equivalent to a buy the overly optimistic recommendations of wall street,joy,0.9915,neutral,0.8768,0,0
Twitter,2025-05-12 15:54:00,what sign is she? 😂✌️ https://t.co/00bjAXkyj1,5767,https://x.com/TheDivineBruxa/status/1921957184461533232,what sign is she 😂✌️,anger,0.4288,neutral,0.969,0,0
Twitter,2025-05-12 14:37:00,"Kancane Kancane uyavela 😂😂😭 I used to defend her, please forgive me😭 🙏🏿 https://t.co/v9l6AnaVxZ",7451,https://x.com/Oracle5152/status/1921937745800314977,kancane kancane uyavela 😂😂😭 i used to defend her please forgive me😭 🏿,sadness,0.863,neutral,0.7425,0,0
Google News,2025-05-12 02:41:00,Lido DAO initiates emergency vote to swap compromised oracle - The Lido DAO has initiated a vote to rotate an oracle system after the oracle was drained of its Ether balance in an overnight attack.,100,https://cointelegraph.com/news/lido-dao-initiates-vote-swap-compromised-oracle,lido dao initiates emergency vote to swap compromised oracle the lido dao has initiated a vote to rotate an oracle system after the oracle was drained of its ether balance in an overnight attack,fear,0.7063,neutral,0.9467,0,0
Twitter,2025-05-11 16:04:00,"Watch the charts, live the life. This isn’t just trading...it’s freedom built on focus, patience, and precision✨📉 https://t.co/omhMS7TZ7F",801,https://x.com/_NathTheOracle/status/1921597252654465296,watch the charts live the life this isnt just tradingits freedom built on focus patience and precision✨📉,joy,0.9818,positive,0.7484,1,801
Twitter,2025-05-11 10:00:00,"Happy Birthday, Yuki! 🙌

#F1 || #RedBullRacing https://t.co/pwyWE5wmGL",24438,https://x.com/redbullracing/status/1921505567195172876,happy birthday yuki f1 redbullracing,joy,0.9977,positive,0.9877,1,24438
Twitter,2025-05-10 16:03:00,abundance rains down on me effortlessly https://t.co/U2JhblLYG1,5137,https://x.com/TheDivineBruxa/status/1921234678251421814,abundance rains down on me effortlessly,joy,0.9953,positive,0.9231,1,5137
Reddit,2025-05-10 10:07:00,"Most valuable Oracle University certs , what’s truly worth it? Hey folks,

I’m in **Finance at Oracle** and thinking ahead about moving into a **more technical or cross-functional position** at Oracle—consulting, product, analytics, or AI-related work.

I want to invest my OU credits in a certificate/course that’s **in high demand and clearly boosts career value,** both inside the company and on the market.

I have Oracle University credits and want to invest in **certifications that actually get noticed** by internal recruiters or hiring managers.

**I’d love your input on:**

* Which certs helped you pivot departments or roles internally?
* Which certifications actually helped your career or consulting work? 
* Certs or courses that tangibly leveled-up your work or opened new roles.
* What turned out to be a waste of time?

All experiences welcome—wins, regrets, wild-cards. Thanks for sharing!

Appreciate any honest feedback or personal experiences—thanks!",13,https://www.reddit.com/r/oracle/comments/1kj60l0/most_valuable_oracle_university_certs_whats_truly/,most valuable oracle university certs whats truly worth it hey folks im in finance at oracle and thinking ahead about moving into a more technical or crossfunctional position at oracleconsulting product analytics or airelated work i want to invest my ou credits in a certificatecourse thats in high demand and clearly boosts career value both inside the company and on the market i have oracle university credits and want to invest in certifications that actually get noticed by internal recruiters or hiring managers id love your input on which certs helped you pivot departments or roles internally which certifications actually helped your career or consulting work certs or courses that tangibly leveledup your work or opened new roles what turned out to be a waste of time all experiences welcomewins regrets wildcards thanks for sharing appreciate any honest feedback or personal experiencesthanks,joy,0.9962,neutral,0.5,0,0
Twitter,2025-05-09 18:54:00,"So basically Mihlali engineered her teeth and lips? 😭Nah, y’all hate your natural selves, and those natural selves look so beautiful without unnecessary anthropogenic modifications. https://t.co/4Mw97NugI2",812,https://x.com/Oracle5152/status/1920915285353152760,so basically mihlali engineered her teeth and lips 😭nah yall hate your natural selves and those natural selves look so beautiful without unnecessary anthropogenic modifications,joy,0.9966,negative,0.9015,-1,-812
Reddit,2025-05-09 18:40:00,"OCI Principle TPM IC4 Update - Down-level to Sr PM IC3 and offer ready candidate I have interviewed for Principle TPM IC4 role for OCI and recruiter informed me that they can not extend an offer with this team. She is going to pass my profile to Talent Acquisition Team and waiting for similar role at IC3 level. Post team/role match, it will just be an introductory call with hiring manager before releasing an offer.  
  
Timeline to team match -- No guarantee and my profile will be active for 1 year  
  
How often OCI has offer ready candidates and what are chances of converting to offer ?",1,https://www.reddit.com/r/oracle/comments/1kioijt/oci_principle_tpm_ic4_update_downlevel_to_sr_pm/,oci principle tpm ic4 update downlevel to sr pm ic3 and offer ready candidate i have interviewed for principle tpm ic4 role for oci and recruiter informed me that they can not extend an offer with this team she is going to pass my profile to talent acquisition team and waiting for similar role at ic3 level post teamrole match it will just be an introductory call with hiring manager before releasing an offer timeline to team match no guarantee and my profile will be active for 1 year how often oci has offer ready candidates and what are chances of converting to offer,joy,0.9873,neutral,0.9583,0,0
Twitter,2025-05-08 08:12:00,CONGRATULATIONS! YOU’RE HIRED. https://t.co/Z47bLk1u4T,9532,https://x.com/TheDivineBruxa/status/1920391311607087306,congratulations youre hired,joy,0.9946,positive,0.9604,1,9532
Twitter,2025-05-08 08:09:00,"the goal isn’t more money, the goal is financial freedom https://t.co/LGlU2tgt4w",5276,https://x.com/TheDivineBruxa/status/1920390683422048664,the goal isnt more money the goal is financial freedom,joy,0.9733,positive,0.529,1,5276
Reddit,2025-05-08 06:43:00,"I cant understand what OMBP (Oracle Modern Best Practice) in an HCM course I cant understand what OMBP **is** in an ORACLE HCM course

I am taking the free (but  time-limited) course at oracle university website. Its **Oracle Fusion Cloud Applications Foundation: HCM**  
I don't understand what the OMBP lecture is saying no matter how many times I watch the lecture. (its a single 10 minute video under chapter 3/section 3)",1,https://www.reddit.com/r/oracle/comments/1khiq0i/i_cant_understand_what_ombp_oracle_modern_best/,i cant understand what ombp oracle modern best practice in an hcm course i cant understand what ombp is in an oracle hcm course i am taking the free but timelimited course at oracle university website its oracle fusion cloud applications foundation hcm i dont understand what the ombp lecture is saying no matter how many times i watch the lecture its a single 10 minute video under chapter 3section 3,joy,0.9696,negative,0.8856,-1,-1
Reddit,2025-05-08 01:29:00,"Amazon to Oracle Leveling Guide Is Amazon TPM L5 equivalent to Oracle IC4 role ? 

Or TPM L6 is leveled upto Oracle IC4 ?",4,https://www.reddit.com/r/oracle/comments/1khd2zj/amazon_to_oracle_leveling_guide/,amazon to oracle leveling guide is amazon tpm l5 equivalent to oracle ic4 role or tpm l6 is leveled upto oracle ic4,joy,0.7587,neutral,0.9444,0,0
Twitter,2025-05-07 19:42:00,Exactlyyyyy Doechii 😭 https://t.co/hWAFSW4UVH,7188,https://x.com/AriTheOracle/status/1920202494287777997,exactlyyyyy doechii 😭,joy,0.4946,negative,0.7831,-1,-7188
Reddit,2025-05-07 19:09:00,"Recruiter not responding after onsite Hi all, I had my onsite interview last week and my debrief was scheduled yesterday (as per one of the interviewer). I emailed the recruiter but radio silence (unlike during the process where she was super responsive)

Is this a sign of rejection or is it normal in OCI hiring process?",5,https://www.reddit.com/r/oracle/comments/1kh48z4/recruiter_not_responding_after_onsite/,recruiter not responding after onsite hi all i had my onsite interview last week and my debrief was scheduled yesterday as per one of the interviewer i emailed the recruiter but radio silence unlike during the process where she was super responsive is this a sign of rejection or is it normal in oci hiring process,joy,0.9974,negative,0.8586,-1,-5
Twitter,2025-05-07 06:33:00,"It has always been and will always remain the #PersianGulf
همیشه #خلیج_فارس بوده و همیشه خواهد ماند! https://t.co/JVtaX4Ki7J",10455,https://x.com/ImanOracle/status/1920004013669622031,it has always been and will always remain the persiangulf همیشه خلیج_فارس بوده و همیشه خواهد ماند,joy,0.7804,neutral,0.9125,0,0
Google News,2025-05-07 02:41:00,"New Oracle Cloud Services Help Retail Financial Institutions Modernize Lending and Collections - Comprehensive services enable financial institutions to accelerate digital transformation, enhance portfolio performance,...",100,https://www.oracle.com/news/announcement/new-oracle-cloud-services-help-retail-financial-institutions-modernize-lending-and-collections-2025-05-06/,new oracle cloud services help retail financial institutions modernize lending and collections comprehensive services enable financial institutions to accelerate digital transformation enhance portfolio performance,joy,0.9933,positive,0.8438,1,100
Reddit,2025-05-07 02:14:00,"Oracle Principal TPM - Hardware Planning Anyone who has interviewed for OCI TPM - Hardware Planning IC4 role ? 

Need advice on payscale and timeline to hear back after final loop ?

My bar raiser told that my debrief was scheduled on Tuesday but haven't heard back yet. Any idea on the process?",2,https://www.reddit.com/r/oracle/comments/1kgl5ux/oracle_principal_tpm_hardware_planning/,oracle principal tpm hardware planning anyone who has interviewed for oci tpm hardware planning ic4 role need advice on payscale and timeline to hear back after final loop my bar raiser told that my debrief was scheduled on tuesday but havent heard back yet any idea on the process,anger,0.5785,neutral,0.9662,0,0
Reddit,2025-05-07 01:22:00,"Final Interview - DCT level 3 position Hello everyone, 

I am in the process of scheduling my final interview with a manager in a few weeks now. 

Is there anything I should be expecting for this interview ? I haven't received an offer letter yet, so I'm thinking this is the one right before the offer letter. 

Asking to see if there's any expectations for this",3,https://www.reddit.com/r/oracle/comments/1kgk4of/final_interview_dct_level_3_position/,final interview dct level 3 position hello everyone i am in the process of scheduling my final interview with a manager in a few weeks now is there anything i should be expecting for this interview i havent received an offer letter yet so im thinking this is the one right before the offer letter asking to see if theres any expectations for this,joy,0.8928,neutral,0.9732,0,0
Reddit,2025-05-06 18:11:00,"Hey! Im absolutely brand new.. and trying to learn oracle sql developer.
Whats a course you guys would recommend… from input data to full hands on. I need to learn it.
Any recommendations are much appreciated!
**Edit** as well as PL/SQL! 

Thank you…",5,https://www.reddit.com/r/oracle/comments/1kg9xyd/hey/,hey im absolutely brand new and trying to learn oracle sql developer whats a course you guys would recommend from input data to full hands on i need to learn it any recommendations are much appreciated edit as well as plsql thank you,joy,0.9314,positive,0.7706,1,5
Twitter,2025-05-06 13:09:00,understanding the 12 houses https://t.co/WIscu0pfFn,712,https://x.com/TheDivineBruxa/status/1919741249419964558,understanding the 12 houses,joy,0.87,neutral,0.8351,0,0
Reddit,2025-05-06 02:46:00,"Oracle Screening Round what to expect? I have an upcoming screening round for Oracle with Recruiter and wanted to know if anyone recently attended one and what was it all about just to know about my background and skills?

Edit: SDE role in US",1,https://www.reddit.com/r/oracle/comments/1kft0o1/oracle_screening_round_what_to_expect/,oracle screening round what to expect i have an upcoming screening round for oracle with recruiter and wanted to know if anyone recently attended one and what was it all about just to know about my background and skills edit sde role in us,joy,0.7556,neutral,0.9675,0,0
Reddit,2025-05-06 01:03:00,"Oracle OCI Core Values Good evening, everyone, I was wondering if any could share with me the Oracle OCI Core Values?  My understanding is that there is a pdf out there that provides this information, possibly. Thank you for your time and support in preparation for an upcoming interview.",1,https://www.reddit.com/r/oracle/comments/1kfqyuk/oracle_oci_core_values/,oracle oci core values good evening everyone i was wondering if any could share with me the oracle oci core values my understanding is that there is a pdf out there that provides this information possibly thank you for your time and support in preparation for an upcoming interview,joy,0.9941,positive,0.8666,1,1
Reddit,2025-05-05 21:33:00,"OAM 14c upgrade issue I recently did an in-place upgrade of OAM from [12.2.1.4](http://12.2.1.4) with the January SPB to 14c. The install and upgrade steps seemed fine. I did not notice any issues with the upgrade assistant or the reconfig of the domain. But when I started the adminserver and managed servers, things seemed off. I am getting a few errors that I have never had before.

I opened a ticket with support, but that is going nowhere fast. I was wondering if anyone has seen errors like this before. I can't find much on the support site,

>`[2025-05-05T15:26:31.012-05:00] [oam_server1] [ERROR] [] [oracle.oam.common.healthcheck] [tid: TestExecutor3] [userId: <anonymous>] [ecid: e8f91402-7d31-4320-8080-b90620223be9-0000016b,0] [APP: oam_server] Unable to locate service[[`

>`javax.naming.NameNotFoundException: While trying to look up /app/osgi/Bundle in /app/webapp/oam/1144733749.; remaining name '/app/osgi/Bundle'`

>`at weblogic.jndi.internal.BasicNamingNode.newNameNotFoundException(BasicNamingNode.java:1295)`

>`at weblogic.jndi.internal.ApplicationNamingNode.lookup(ApplicationNamingNode.java:144)`

>`at weblogic.jndi.internal.WLEventContextImpl.lookup(WLEventContextImpl.java:316)`

>`at weblogic.jndi.internal.WLContextImpl.lookup(WLContextImpl.java:445)`

>`at weblogic.jndi.factories.java.ReadOnlyContextWrapper.lookup(ReadOnlyContextWrapper.java:45)`

>`at weblogic.jndi.internal.AbstractURLContext.lookup(AbstractURLContext.java:130)`

>`at weblogic.jndi.factories.java.javaURLContextFactory$JavaURLContext.lookup(javaURLContextFactory.java:305)`

>`at java.naming/javax.naming.InitialContext.lookup(InitialContext.java:409)`

>`at oracle.security.am.healthcheck.util.MathUtil.getAggregatorInstance(MathUtil.java:40)`

>`at oracle.security.am.healthcheck.util.MathUtil.getLatencyWindowSize(MathUtil.java:229)`

>`at oracle.security.am.healthcheck.util.DmsUtil.getLatencyWindowSize(DmsUtil.java:292)`

>`at oracle.security.am.healthcheck.featuretest.parser.HealthExpressionParser.getLatencyWindowSize(HealthExpressionParser.java:622)`

>`at oracle.security.am.healthcheck.featuretest.parser.HealthExpressionParser.handleSensorCalls(HealthExpressionParser.java:579)`

>`at oracle.security.am.healthcheck.featuretest.parser.HealthExpressionParser.primary(HealthExpressionParser.java:354)`

>`at oracle.security.am.healthcheck.featuretest.parser.HealthExpressionParser.precedenceMulDiv(HealthExpressionParser.java:237)`

>`at oracle.security.am.healthcheck.featuretest.parser.HealthExpressionParser.precedenceAddSub(HealthExpressionParser.java:190)`

>`at oracle.security.am.healthcheck.featuretest.parser.HealthExpressionParser.precedenceRelational(HealthExpressionParser.java:139)`

>`at oracle.security.am.healthcheck.featuretest.parser.HealthExpressionParser.precedenceEquality(HealthExpressionParser.java:104)`

>`at oracle.security.am.healthcheck.featuretest.parser.HealthExpressionParser.expression(HealthExpressionParser.java:60)`

>`at oracle.security.am.healthcheck.featuretest.parser.HealthExpressionParser.primary(HealthExpressionParser.java:376)`

>`at oracle.security.am.healthcheck.featuretest.parser.HealthExpressionParser.precedenceMulDiv(HealthExpressionParser.java:237)`

>`at oracle.security.am.healthcheck.featuretest.parser.HealthExpressionParser.precedenceAddSub(HealthExpressionParser.java:190)`

>`at oracle.security.am.healthcheck.featuretest.parser.HealthExpressionParser.precedenceRelational(HealthExpressionParser.java:139)`

>`at oracle.security.am.healthcheck.featuretest.parser.HealthExpressionParser.precedenceEquality(HealthExpressionParser.java:104)`

>`at oracle.security.am.healthcheck.featuretest.parser.HealthExpressionParser.expression(HealthExpressionParser.java:60)`

>`at oracle.security.am.healthcheck.featuretest.parser.HealthExpressionParser.start(HealthExpressionParser.java:25)`

>`at oracle.security.am.healthcheck.featuretest.dms.Check.performTest(Check.java:97)`

>`at oracle.security.am.healthcheck.featuretest.dms.DmsMetricsDrivenChecks.checkHealth(DmsMetricsDrivenChecks.java:67)`

>`at oracle.security.am.healthcheck.impl.HcWork.run(HcWork.java:88)`

>`at java.base/java.util.concurrent.Executors$RunnableAdapter.call(Executors.java:572)`

>`at java.base/java.util.concurrent.FutureTask.run(FutureTask.java:317)`

>`at java.base/java.util.concurrent.ThreadPoolExecutor.runWorker(ThreadPoolExecutor.java:1144)`

>`at java.base/java.util.concurrent.ThreadPoolExecutor$Worker.run(ThreadPoolExecutor.java:642)`

>`at java.base/java.lang.Thread.run(Thread.java:1583)`",0,https://www.reddit.com/r/oracle/comments/1kfm5vw/oam_14c_upgrade_issue/,oam 14c upgrade issue i recently did an inplace upgrade of oam from 12214 with the january spb to 14c the install and upgrade steps seemed fine i did not notice any issues with the upgrade assistant or the reconfig of the domain but when i started the adminserver and managed servers things seemed off i am getting a few errors that i have never had before i opened a ticket with support but that is going nowhere fast i was wondering if anyone has seen errors like this before i cant find much on the support site 20250505t1526310120500 oam_server1 error oracleoamcommonhealthcheck tid testexecutor3 userid anonymous ecid e8f914027d3143208080b90620223be90000016b0 app oam_server unable to locate service javaxnamingnamenotfoundexception while trying to look up apposgibundle in appwebappoam1144733749 remaining name apposgibundle at weblogicjndiinternalbasicnamingnodenewnamenotfoundexceptionbasicnamingnodejava1295 at weblogicjndiinternalapplicationnamingnodelookupapplicationnamingnodejava144 at weblogicjndiinternalwleventcontextimpllookupwleventcontextimpljava316 at weblogicjndiinternalwlcontextimpllookupwlcontextimpljava445 at weblogicjndifactoriesjavareadonlycontextwrapperlookupreadonlycontextwrapperjava45 at weblogicjndiinternalabstracturlcontextlookupabstracturlcontextjava130 at weblogicjndifactoriesjavajavaurlcontextfactoryjavaurlcontextlookupjavaurlcontextfactoryjava305 at javanamingjavaxnaminginitialcontextlookupinitialcontextjava409 at oraclesecurityamhealthcheckutilmathutilgetaggregatorinstancemathutiljava40 at oraclesecurityamhealthcheckutilmathutilgetlatencywindowsizemathutiljava229 at oraclesecurityamhealthcheckutildmsutilgetlatencywindowsizedmsutiljava292 at oraclesecurityamhealthcheckfeaturetestparserhealthexpressionparsergetlatencywindowsizehealthexpressionparserjava622 at oraclesecurityamhealthcheckfeaturetestparserhealthexpressionparserhandlesensorcallshealthexpressionparserjava579 at oraclesecurityamhealthcheckfeaturetestparserhealthexpressionparserprimaryhealthexpressionparserjava354 at oraclesecurityamhealthcheckfeaturetestparserhealthexpressionparserprecedencemuldivhealthexpressionparserjava237 at oraclesecurityamhealthcheckfeaturetestparserhealthexpressionparserprecedenceaddsubhealthexpressionparserjava190 at oraclesecurityamhealthcheckfeaturetestparserhealthexpressionparserprecedencerelationalhealthexpressionparserjava139 at oraclesecurityamhealthcheckfeaturetestparserhealthexpressionparserprecedenceequalityhealthexpressionparserjava104 at oraclesecurityamhealthcheckfeaturetestparserhealthexpressionparserexpressionhealthexpressionparserjava60 at oraclesecurityamhealthcheckfeaturetestparserhealthexpressionparserprimaryhealthexpressionparserjava376 at oraclesecurityamhealthcheckfeaturetestparserhealthexpressionparserprecedencemuldivhealthexpressionparserjava237 at oraclesecurityamhealthcheckfeaturetestparserhealthexpressionparserprecedenceaddsubhealthexpressionparserjava190 at oraclesecurityamhealthcheckfeaturetestparserhealthexpressionparserprecedencerelationalhealthexpressionparserjava139 at oraclesecurityamhealthcheckfeaturetestparserhealthexpressionparserprecedenceequalityhealthexpressionparserjava104 at oraclesecurityamhealthcheckfeaturetestparserhealthexpressionparserexpressionhealthexpressionparserjava60 at oraclesecurityamhealthcheckfeaturetestparserhealthexpressionparserstarthealthexpressionparserjava25 at oraclesecurityamhealthcheckfeaturetestdmscheckperformtestcheckjava97 at oraclesecurityamhealthcheckfeaturetestdmsdmsmetricsdrivencheckscheckhealthdmsmetricsdrivenchecksjava67 at oraclesecurityamhealthcheckimplhcworkrunhcworkjava88 at javabasejavautilconcurrentexecutorsrunnableadaptercallexecutorsjava572 at javabasejavautilconcurrentfuturetaskrunfuturetaskjava317 at javabasejavautilconcurrentthreadpoolexecutorrunworkerthreadpoolexecutorjava1144 at javabasejavautilconcurrentthreadpoolexecutorworkerrunthreadpoolexecutorjava642 at javabasejavalangthreadrunthreadjava1583,joy,0.375,neutral,0.5,0,0
Reddit,2025-05-05 20:54:00,"Folks at Proctor.io is too cruel I took an exam in oracle university. I had to install proctor browser extension before exam. There will be a live person watching on you from webcam and listening to you. 

So today I took a exam and I was just Maki g lip movement while reading question, not even loud. I got a message from the handler/invigilator that exam will be paused if I talk. I made action that I'll zip my mouth instead of typing in the chat box. That person actually paused the exam. My result is failed even though I'm pretty sure I answered many of them correctly. If not pass atleast I should have been near the border. My result was around 30-35%. 😭",0,https://www.reddit.com/r/oracle/comments/1kfl5v6/folks_at_proctorio_is_too_cruel/,folks at proctorio is too cruel i took an exam in oracle university i had to install proctor browser extension before exam there will be a live person watching on you from webcam and listening to you so today i took a exam and i was just maki g lip movement while reading question not even loud i got a message from the handlerinvigilator that exam will be paused if i talk i made action that ill zip my mouth instead of typing in the chat box that person actually paused the exam my result is failed even though im pretty sure i answered many of them correctly if not pass atleast i should have been near the border my result was around 3035 😭,anger,0.8933,neutral,0.5,0,0
Reddit,2025-05-05 20:23:00,"Bringing personal keyboard to OCM 19c exam - allowed? Hello fellow Oracle professionals,

I'm preparing for the Oracle Database 19c OCM exam and wanted to ask if anyone knows whether candidates are permitted to bring and use their own keyboards during the exam.

Since this is a hands-on practical exam with significant typing involved, I'd prefer to use my own keyboard that I'm familiar with. Has anyone had experience with this or received official word from Oracle about personal peripherals during the OCM?

Any insights would be greatly appreciated! Thanks.",0,https://www.reddit.com/r/oracle/comments/1kfkej3/bringing_personal_keyboard_to_ocm_19c_exam_allowed/,bringing personal keyboard to ocm 19c exam allowed hello fellow oracle professionals im preparing for the oracle database 19c ocm exam and wanted to ask if anyone knows whether candidates are permitted to bring and use their own keyboards during the exam since this is a handson practical exam with significant typing involved id prefer to use my own keyboard that im familiar with has anyone had experience with this or received official word from oracle about personal peripherals during the ocm any insights would be greatly appreciated thanks,joy,0.9959,neutral,0.8647,0,0
Reddit,2025-05-05 18:54:00,"Journal Entry Spreadsheet Template Hey all, 

I’m trying to upload some journals via the spreadsheet, but the template appears to be broken. I’ve tried this in a couple different environments and am experiencing the same issues. Is this happening to anyone else?",1,https://www.reddit.com/r/oracle/comments/1kfi4t5/journal_entry_spreadsheet_template/,journal entry spreadsheet template hey all im trying to upload some journals via the spreadsheet but the template appears to be broken ive tried this in a couple different environments and am experiencing the same issues is this happening to anyone else,sadness,0.9988,negative,0.8193,-1,-1
Reddit,2025-05-05 17:43:00,"No offer letter after verbal Got a verbal offer almost two months ago, just found out I will not be getting the offer letter after being told it had been progressing through approvals. Changes in the business apparently. Can I assume the verbal offer will not help with any other positions?",3,https://www.reddit.com/r/oracle/comments/1kfgbxv/no_offer_letter_after_verbal/,no offer letter after verbal got a verbal offer almost two months ago just found out i will not be getting the offer letter after being told it had been progressing through approvals changes in the business apparently can i assume the verbal offer will not help with any other positions,joy,0.887,negative,0.9519,-1,-3
Reddit,2025-05-05 16:36:00,Oracle University Training vs youtube/udemy for learning SOA My lead told me to learn SOA and he would recommend me for SOA build so I am trying to learn SOA asap. I have noticed that the Oracle university courses are like 80hrs long and are super thorough. I watched one lecture and it was about an hour but didn't even touch on jdeveloper or anything. I felt like it was almost a waste of time. Also I am afraid if I do the Oracle university course I'll end up just giving up or getting occupied with something else. However I found some youtube videos and a udemy course that are both about 8hrs long.The topics they go over are ones that actually seem relevant as well from looking at the table of contents. It seems like the the udemy/youtube courses just cut to the chase. Which would be better for learning SOA in a short amount of time? The Oracle university course that is super thorough or the other two courses?,1,https://www.reddit.com/r/oracle/comments/1kfenpb/oracle_university_training_vs_youtubeudemy_for/,oracle university training vs youtubeudemy for learning soa my lead told me to learn soa and he would recommend me for soa build so i am trying to learn soa asap i have noticed that the oracle university courses are like 80hrs long and are super thorough i watched one lecture and it was about an hour but didnt even touch on jdeveloper or anything i felt like it was almost a waste of time also i am afraid if i do the oracle university course ill end up just giving up or getting occupied with something else however i found some youtube videos and a udemy course that are both about 8hrs longthe topics they go over are ones that actually seem relevant as well from looking at the table of contents it seems like the the udemyyoutube courses just cut to the chase which would be better for learning soa in a short amount of time the oracle university course that is super thorough or the other two courses,joy,0.9974,neutral,0.5,0,0
Reddit,2025-05-04 21:51:00,"Do they rescind? I’ve received an offer from Oracle, one of their offices in Massachusetts. Before accepting, I’d like to know if they rescind offers once they’re issued. If I choose Oracle, I’d be letting go of another offer from a top fintech company in the USA. I don’t want to say no to another offer only to have this one rescinded, leaving me empty-handed.",7,https://www.reddit.com/r/oracle/comments/1keu3i2/do_they_rescind/,do they rescind ive received an offer from oracle one of their offices in massachusetts before accepting id like to know if they rescind offers once theyre issued if i choose oracle id be letting go of another offer from a top fintech company in the usa i dont want to say no to another offer only to have this one rescinded leaving me emptyhanded,joy,0.7418,negative,0.6849,-1,-7
Reddit,2025-05-04 09:54:00,"how do I link a page to a database table ? I am creating a web app, to allow users to create grocery list items and to allow, users to add items individually to the list, then suggest retailers  based on the lowest. There is a table for products, and retailers  I want the create a list page to be able to kind of link to the products. Can this be done or would it be too complex for Oracle ?.",5,https://www.reddit.com/r/oracle/comments/1kefd3b/how_do_i_link_a_page_to_a_database_table/,how do i link a page to a database table i am creating a web app to allow users to create grocery list items and to allow users to add items individually to the list then suggest retailers based on the lowest there is a table for products and retailers i want the create a list page to be able to kind of link to the products can this be done or would it be too complex for oracle,anger,0.5214,neutral,0.9642,0,0
Reddit,2025-05-03 19:57:00,"Got verbal offer! What can I expect? So I got a verbal offer and now i should be getting a background check next week according to the recruiter, its an entry level-ish support position for Netsuite. 

How long does it take? I should be fine since I didn't lie about experience/studies, but there's always that fear of them not being able to reach out to the past employers and so on. Also, would they call my current employer as well?

Also, how solid is Oracle's verbal offer?


Update: Got the offer today, 6 days (4 business days) after the verbal one. So excited!!!",6,https://www.reddit.com/r/oracle/comments/1ke0c2h/got_verbal_offer_what_can_i_expect/,got verbal offer what can i expect so i got a verbal offer and now i should be getting a background check next week according to the recruiter its an entry levelish support position for netsuite how long does it take i should be fine since i didnt lie about experiencestudies but theres always that fear of them not being able to reach out to the past employers and so on also would they call my current employer as well also how solid is oracles verbal offer update got the offer today 6 days 4 business days after the verbal one so excited,joy,0.9969,neutral,0.577,0,0
Reddit,2025-05-02 23:23:00,"General Comp Question Looking at an opportunity at OCI, delivery side (senior role). Salary and RSU at sign on is good, but how is the annual recurring RSU bonus calculated? This is a IC5 level position if that helps.
Is the initial RSU grant supplemented if you are a high performer?",7,https://www.reddit.com/r/oracle/comments/1kddm4b/general_comp_question/,general comp question looking at an opportunity at oci delivery side senior role salary and rsu at sign on is good but how is the annual recurring rsu bonus calculated this is a ic5 level position if that helps is the initial rsu grant supplemented if you are a high performer,joy,0.9952,positive,0.5747,1,7
Reddit,2025-05-02 18:08:00,"Thoughts on restoring 70 TB Oracle database for organization that doesn't have Oracle experience nor any Oracle licenses? We have a situation where we have a 70 TB Oracle database backup that we need to extract around 50 TB of data from it.  (We normally work with live, working databases and use JDBC or ODBC to connect live and extract data).

What options are available to us to get this data out of the Oracle backup?  We're trying to be price conscious, but understanding Oracle licensing is something I'm still trying to grasp.

Preferences/Constraints:

* Based on the sensitivity of this data, we're constrained to using our already-approved cloud provider (Microsoft Azure)
* We already have a huge Azure presence and we've done this exact same thing with a MySQL backup within the past 8 months (we spun up an azure VM with ubuntu, restored the mysql dump, then queried the data live)
* We don't have Oracle experience (we have zero Oracle databases that we manage)
* We unfamiliar with Oracle licensing

  
From some initial research, it seems like we could perhaps spin up an azure VM with 8 vCPUs, 256 GB RAM, purchase a named user license, I query the data to extract what we need, then shut everything down.  (Although it seems there might be a limit of 10 NULs per server for SE edition?)

Does Oracle have a ""pricing calculator"" (similar to the Azure Calculator) to help us estimate the cost of this project?

Thank you\~",16,https://www.reddit.com/r/oracle/comments/1kd68i1/thoughts_on_restoring_70_tb_oracle_database_for/,thoughts on restoring 70 tb oracle database for organization that doesnt have oracle experience nor any oracle licenses we have a situation where we have a 70 tb oracle database backup that we need to extract around 50 tb of data from it we normally work with live working databases and use jdbc or odbc to connect live and extract data what options are available to us to get this data out of the oracle backup were trying to be price conscious but understanding oracle licensing is something im still trying to grasp preferencesconstraints based on the sensitivity of this data were constrained to using our alreadyapproved cloud provider microsoft azure we already have a huge azure presence and weve done this exact same thing with a mysql backup within the past 8 months we spun up an azure vm with ubuntu restored the mysql dump then queried the data live we dont have oracle experience we have zero oracle databases that we manage we unfamiliar with oracle licensing from some initial research it seems like we could perhaps spin up an azure vm with 8 vcpus 256 gb ram purchase a named user license i query the data to extract what we need then shut everything down although it seems there might be a limit of 10 nuls per server for se edition does oracle have a pricing calculator similar to the azure calculator to help us estimate the cost of this project thank you,joy,0.8594,neutral,0.5,0,0
Reddit,2025-05-02 16:10:00,"How to inspect sql queries from clients? I need to inspect th exact queries sent against our Oracle database by various clients, all of which are using Oracle native client, version 19.0.0. Is there a way to do that from the database itself?",5,https://www.reddit.com/r/oracle/comments/1kd3dez/how_to_inspect_sql_queries_from_clients/,how to inspect sql queries from clients i need to inspect th exact queries sent against our oracle database by various clients all of which are using oracle native client version 1900 is there a way to do that from the database itself,joy,0.751,neutral,0.9676,0,0
Reddit,2025-05-01 21:25:00,PM Certifications for Oracle Project Management I have about 8 years of project management experience in ERP implementations and want to switch to Oracle. Anyone have recommendations on how I best do that like certification or courses I can take?,5,https://www.reddit.com/r/oracle/comments/1kcipd1/pm_certifications_for_oracle_project_management/,pm certifications for oracle project management i have about 8 years of project management experience in erp implementations and want to switch to oracle anyone have recommendations on how i best do that like certification or courses i can take,joy,0.9853,neutral,0.793,0,0
Reddit,2025-05-01 13:46:00,How long does it take to hear back from them? Hi I actually applied for a role in Bangalore at oracle.. and had my final round of interview last week.. they told me that the HR will let me know if I got the job or not after he discusses with his team.. its been two days and still nothing.. do you think I have been rejected? Or do I still have a chance?🥲 The wait is killing me,3,https://www.reddit.com/r/oracle/comments/1kc7uer/how_long_does_it_take_to_hear_back_from_them/,how long does it take to hear back from them hi i actually applied for a role in bangalore at oracle and had my final round of interview last week they told me that the hr will let me know if i got the job or not after he discusses with his team its been two days and still nothing do you think i have been rejected or do i still have a chance the wait is killing me,sadness,0.9815,negative,0.6274,-1,-3
Reddit,2025-04-30 20:54:00,"Solution Engineer Roles Interview Hi everyone! I recently moved from the screening round to the first round for a Presales role. The Talent Advisor mentioned that the next step will include a behavioral interview and a presentation. I’d really appreciate any insights from those who’ve gone through this process. My questions are:

1. What types of behavioral questions were asked? and how long is the interview?

2. For the presentation, is it a take-home assignment?

3. How much time is given to prepare? Are we allowed to do external research?

Any advice would be incredibly helpful. Thank you so much!",1,https://www.reddit.com/r/oracle/comments/1kbpphd/solution_engineer_roles_interview/,solution engineer roles interview hi everyone i recently moved from the screening round to the first round for a presales role the talent advisor mentioned that the next step will include a behavioral interview and a presentation id really appreciate any insights from those whove gone through this process my questions are 1 what types of behavioral questions were asked and how long is the interview 2 for the presentation is it a takehome assignment 3 how much time is given to prepare are we allowed to do external research any advice would be incredibly helpful thank you so much,joy,0.9974,positive,0.631,1,1
Reddit,2025-04-30 16:53:00,"Oracle Partners - Is there interest on a dashboard to monitor all of your customer's OCI consumption? Hi everybody. We're an Oracle Partner and since we manage many OCI tenancies and their consumption, we ended up developing a dashboard so we can take a look at all the cost metrics from a single pane of glass, and not having people logging into OCI dashboards. 

We can also track things that matter to Oracle sales, such as TCV/ARR, commitment end, renewals..

For us to catch issues, we also implemented monitoring for overage, getting alerts when something goes out of hand (cost-wise).. Everything has graphs and you can drill down by SKU to see what's using the most credits there.

All years are configurable to match either Oracle's calendar year or the regular one.

We're thinking about making this into a product so more people can manage better their customers' OCI and deliver a better experience overall.

Looking for inputs on this. thanks.",5,https://www.reddit.com/r/oracle/comments/1kbjwy8/oracle_partners_is_there_interest_on_a_dashboard/,oracle partners is there interest on a dashboard to monitor all of your customers oci consumption hi everybody were an oracle partner and since we manage many oci tenancies and their consumption we ended up developing a dashboard so we can take a look at all the cost metrics from a single pane of glass and not having people logging into oci dashboards we can also track things that matter to oracle sales such as tcvarr commitment end renewals for us to catch issues we also implemented monitoring for overage getting alerts when something goes out of hand costwise everything has graphs and you can drill down by sku to see whats using the most credits there all years are configurable to match either oracles calendar year or the regular one were thinking about making this into a product so more people can manage better their customers oci and deliver a better experience overall looking for inputs on this thanks,joy,0.9902,neutral,0.5,0,0
Google News,2025-04-14 02:41:00,"United States Army Enterprise Cloud Management Agency Expands its Oracle Defense Cloud Services - New capabilities can enable the US Army to cost-effectively modernize its operations. Oracle Federal Forum, Washington, D.C.—Apr 15, 2025.",100,https://www.oracle.com/news/announcement/united-states-army-enterprise-cloud-management-agency-expands-its-oracle-defense-cloud-services-2025-04-15/,united states army enterprise cloud management agency expands its oracle defense cloud services new capabilities can enable the us army to costeffectively modernize its operations oracle federal forum washington dcapr 15 2025,joy,0.9839,positive,0.7248,1,100
